type,name,module,path,hash
"csv","agent-manifest","_config","_config/agent-manifest.csv","6916048fc4a8f5caaea40350e4b2288f0fab01ea7959218b332920ec62e6a18c"
"csv","task-manifest","_config","_config/task-manifest.csv","35e06d618921c1260c469d328a5af14c3744072f66a20c43d314edfb29296a70"
"csv","workflow-manifest","_config","_config/workflow-manifest.csv","254b28d8d3b9871d77b12670144e98f5850180a1b50c92eaa88a53bef77309c8"
"yaml","manifest","_config","_config/manifest.yaml","737a7fee69514cb263d7acefe2f6a6596deb73dfccec14c6bc22d46138e5e3a6"
"csv","default-party","bmm","bmm/teams/default-party.csv","43209253a2e784e6b054a4ac427c9532a50d9310f6a85052d93ce975b9162156"
"csv","documentation-requirements","bmm","bmm/workflows/document-project/documentation-requirements.csv","d1253b99e88250f2130516b56027ed706e643bfec3d99316727a4c6ec65c6c1d"
"csv","domain-complexity","bmm","bmm/workflows/2-plan-workflows/prd/domain-complexity.csv","ed4d30e9fd87db2d628fb66cac7a302823ef6ebb3a8da53b9265326f10a54e11"
"csv","domain-complexity","bmm","bmm/workflows/3-solutioning/create-architecture/data/domain-complexity.csv","cb9244ed2084143146f9f473244ad9cf63d33891742b9f6fbcb6e354fa4f3a93"
"csv","project-types","bmm","bmm/workflows/2-plan-workflows/prd/project-types.csv","7a01d336e940fb7a59ff450064fd1194cdedda316370d939264a0a0adcc0aca3"
"csv","project-types","bmm","bmm/workflows/3-solutioning/create-architecture/data/project-types.csv","12343635a2f11343edb1d46906981d6f5e12b9cad2f612e13b09460b5e5106e7"
"csv","tea-index","bmm","bmm/testarch/tea-index.csv","374a8d53b5e127a9440751a02c5112c66f81bc00e2128d11d11f16d8f45292ea"
"json","excalidraw-library","bmm","bmm/workflows/excalidraw-diagrams/_shared/excalidraw-library.json","8e5079f4e79ff17f4781358423f2126a1f14ab48bbdee18fd28943865722030c"
"json","project-scan-report-schema","bmm","bmm/workflows/document-project/templates/project-scan-report-schema.json","53255f15a10cab801a1d75b4318cdb0095eed08c51b3323b7e6c236ae6b399b7"
"md","api-request","bmm","bmm/testarch/knowledge/api-request.md","93ac674f645cb389aafe08ce31e53280ebc0385c59e585a199b772bb0e0651fb"
"md","architecture-decision-template","bmm","bmm/workflows/3-solutioning/create-architecture/architecture-decision-template.md","5d9adf90c28df61031079280fd2e49998ec3b44fb3757c6a202cda353e172e9f"
"md","atdd-checklist-template","bmm","bmm/workflows/testarch/atdd/atdd-checklist-template.md","b89f46efefbf08ddd4c58392023a39bd60db353a3f087b299e32be27155fa740"
"md","auth-session","bmm","bmm/testarch/knowledge/auth-session.md","b2ee00c5650655311ff54d20dcd6013afb5b280a66faa8336f9fb810436f1aab"
"md","burn-in","bmm","bmm/testarch/knowledge/burn-in.md","5ba3d2abe6b961e5bc3948ab165e801195bff3ee6e66569c00c219b484aa4b5d"
"md","checklist","bmm","bmm/workflows/4-implementation/code-review/checklist.md","e30d2890ba5c50777bbe04071f754e975a1d7ec168501f321a79169c4201dd28"
"md","checklist","bmm","bmm/workflows/4-implementation/correct-course/checklist.md","d3d30482c5e82a84c15c10dacb50d960456e98cfc5a8ddc11b54e14f3a850029"
"md","checklist","bmm","bmm/workflows/4-implementation/create-story/checklist.md","3eacc5cfd6726ab0ea0ba8fe56d9bdea466964e6cc35ed8bfadeb84307169bdc"
"md","checklist","bmm","bmm/workflows/4-implementation/dev-story/checklist.md","630b68c6824a8785003a65553c1f335222b17be93b1bd80524c23b38bde1d8af"
"md","checklist","bmm","bmm/workflows/4-implementation/sprint-planning/checklist.md","80b10aedcf88ab1641b8e5f99c9a400c8fd9014f13ca65befc5c83992e367dd7"
"md","checklist","bmm","bmm/workflows/document-project/checklist.md","581b0b034c25de17ac3678db2dbafedaeb113de37ddf15a4df6584cf2324a7d7"
"md","checklist","bmm","bmm/workflows/excalidraw-diagrams/create-dataflow/checklist.md","f420aaf346833dfda5454ffec9f90a680e903453bcc4d3e277d089e6781fec55"
"md","checklist","bmm","bmm/workflows/excalidraw-diagrams/create-diagram/checklist.md","6357350a6e2237c1b819edd8fc847e376192bf802000cb1a4337c9584fc91a18"
"md","checklist","bmm","bmm/workflows/excalidraw-diagrams/create-flowchart/checklist.md","45aaf882b8e9a1042683406ae2cfc0b23d3d39bd1dac3ddb0778d5b7165f7047"
"md","checklist","bmm","bmm/workflows/excalidraw-diagrams/create-wireframe/checklist.md","588f9354bf366c173aa261cf5a8b3a87c878ea72fd2c0f8088c4b3289e984641"
"md","checklist","bmm","bmm/workflows/testarch/atdd/checklist.md","d86b1718207a7225e57bc9ac281dc78f22806ac1bfdb9d770ac5dccf7ed8536b"
"md","checklist","bmm","bmm/workflows/testarch/automate/checklist.md","3a8f47b83ad8eff408f7126f7729d4b930738bf7d03b0caea91d1ef49aeb19ee"
"md","checklist","bmm","bmm/workflows/testarch/ci/checklist.md","dfb1ffff2028566d8f0e46a15024d407df5a5e1fad253567f56ee2903618d419"
"md","checklist","bmm","bmm/workflows/testarch/framework/checklist.md","16cc3aee710abb60fb85d2e92f0010b280e66b38fac963c0955fb36e7417103a"
"md","checklist","bmm","bmm/workflows/testarch/nfr-assess/checklist.md","1f070e990c0778b2066f05c31f94c9ddcb97a695e7ae8322b4f487f75fe62d57"
"md","checklist","bmm","bmm/workflows/testarch/test-design/checklist.md","f7ac96d3c61500946c924e1c1924f366c3feae23143c8d130f044926365096e1"
"md","checklist","bmm","bmm/workflows/testarch/test-review/checklist.md","e39f2fb9c2dbfd158e5b5c1602fd15d5dbd3b0f0616d171e0551c356c92416f9"
"md","checklist","bmm","bmm/workflows/testarch/trace/checklist.md","c67b2a1ee863c55b95520db0bc9c1c0a849afee55f96733a08bb2ec55f40ad70"
"md","ci-burn-in","bmm","bmm/testarch/knowledge/ci-burn-in.md","4cdcf7b576dae8b5cb591a6fad69674f65044a0dc72ea57d561623dac93ec475"
"md","component-tdd","bmm","bmm/testarch/knowledge/component-tdd.md","88bd1f9ca1d5bcd1552828845fe80b86ff3acdf071bac574eda744caf7120ef8"
"md","contract-testing","bmm","bmm/testarch/knowledge/contract-testing.md","d8f662c286b2ea4772213541c43aebef006ab6b46e8737ebdc4a414621895599"
"md","data-factories","bmm","bmm/testarch/knowledge/data-factories.md","d7428fe7675da02b6f5c4c03213fc5e542063f61ab033efb47c1c5669b835d88"
"md","deep-dive-instructions","bmm","bmm/workflows/document-project/workflows/deep-dive-instructions.md","8cb3d32d7685e5deff4731c2003d30b4321ef6c29247b3ddbe672c185e022604"
"md","deep-dive-template","bmm","bmm/workflows/document-project/templates/deep-dive-template.md","6198aa731d87d6a318b5b8d180fc29b9aa53ff0966e02391c17333818e94ffe9"
"md","documentation-standards","bmm","bmm/data/documentation-standards.md","fc26d4daff6b5a73eb7964eacba6a4f5cf8f9810a8c41b6949c4023a4176d853"
"md","email-auth","bmm","bmm/testarch/knowledge/email-auth.md","43f4cc3138a905a91f4a69f358be6664a790b192811b4dfc238188e826f6b41b"
"md","epics-template","bmm","bmm/workflows/3-solutioning/create-epics-and-stories/templates/epics-template.md","b8ec5562b2a77efd80c40eba0421bbaab931681552e5a0ff01cd93902c447ff7"
"md","error-handling","bmm","bmm/testarch/knowledge/error-handling.md","8a314eafb31e78020e2709d88aaf4445160cbefb3aba788b62d1701557eb81c1"
"md","feature-flags","bmm","bmm/testarch/knowledge/feature-flags.md","f6db7e8de2b63ce40a1ceb120a4055fbc2c29454ad8fca5db4e8c065d98f6f49"
"md","file-utils","bmm","bmm/testarch/knowledge/file-utils.md","e0d4e98ca6ec32035ae07a14880c65ab99298e9240404d27a05788c974659e8b"
"md","fixture-architecture","bmm","bmm/testarch/knowledge/fixture-architecture.md","a3b6c1bcaf5e925068f3806a3d2179ac11dde7149e404bc4bb5602afb7392501"
"md","fixtures-composition","bmm","bmm/testarch/knowledge/fixtures-composition.md","8e57a897663a272fd603026aeec76941543c1e09d129e377846726fd405f3a5a"
"md","full-scan-instructions","bmm","bmm/workflows/document-project/workflows/full-scan-instructions.md","6c6e0d77b33f41757eed8ebf436d4def69cd6ce412395b047bf5909f66d876aa"
"md","index-template","bmm","bmm/workflows/document-project/templates/index-template.md","42c8a14f53088e4fda82f26a3fe41dc8a89d4bcb7a9659dd696136378b64ee90"
"md","instructions","bmm","bmm/workflows/4-implementation/correct-course/instructions.md","bd56efff69b1c72fbd835cbac68afaac043cf5004d021425f52935441a3c779d"
"md","instructions","bmm","bmm/workflows/4-implementation/retrospective/instructions.md","c1357ee8149935b391db1fd7cc9869bf3b450132f04d27fbb11906d421923bf8"
"md","instructions","bmm","bmm/workflows/4-implementation/sprint-planning/instructions.md","8ac972eb08068305223e37dceac9c3a22127062edae2692f95bc16b8dbafa046"
"md","instructions","bmm","bmm/workflows/4-implementation/sprint-status/instructions.md","8f883c7cf59460012b855465c7cbc896f0820afb11031c2b1b3dd514ed9f4b63"
"md","instructions","bmm","bmm/workflows/document-project/instructions.md","faba39025e187c6729135eccf339ec1e08fbdc34ad181583de8161d3d805aaaf"
"md","instructions","bmm","bmm/workflows/excalidraw-diagrams/create-dataflow/instructions.md","e43d05aaf6a1e881ae42e73641826b70e27ea91390834901f18665b524bbff77"
"md","instructions","bmm","bmm/workflows/excalidraw-diagrams/create-diagram/instructions.md","5d41c1e5b28796f6844645f3c1e2e75bb80f2e1576eb2c1f3ba2894cbf4a65e8"
"md","instructions","bmm","bmm/workflows/excalidraw-diagrams/create-flowchart/instructions.md","9647360dc08e6e8dcbb634620e8a4247add5b22fad7a3bd13ef79683f31b9d77"
"md","instructions","bmm","bmm/workflows/excalidraw-diagrams/create-wireframe/instructions.md","d0ddbb8f4235b28af140cc7b5210c989b4b126f973eb539e216ab10d4bbc2410"
"md","instructions","bmm","bmm/workflows/testarch/atdd/instructions.md","8b22d80ff61fd90b4f8402d5b5ab69d01a2c9f00cc4e1aa23aef49720db9254b"
"md","instructions","bmm","bmm/workflows/testarch/automate/instructions.md","6611e6abc114f68c16f3121dc2c2a2dcfefc355f857099b814b715f6d646a81c"
"md","instructions","bmm","bmm/workflows/testarch/ci/instructions.md","8cc49d93e549eb30952320b1902624036d23e92a6bbaf3f012d2a18dc67a9141"
"md","instructions","bmm","bmm/workflows/testarch/framework/instructions.md","902212128052de150753ce0cabb9be0423da782ba280c3b5c198bc16e8ae7eb3"
"md","instructions","bmm","bmm/workflows/testarch/nfr-assess/instructions.md","6a4ef0830a65e96f41e7f6f34ed5694383e0935a46440c77a4a29cbfbd5f75f9"
"md","instructions","bmm","bmm/workflows/testarch/test-design/instructions.md","b332c20fbc8828b2ebd34aad2f36af88ce1ce1d8a8c7c29412329c9f8884de9a"
"md","instructions","bmm","bmm/workflows/testarch/test-review/instructions.md","f1dfb61f7a7d9e584d398987fdcb8ab27b4835d26b6a001ca4611b8a3da4c32d"
"md","instructions","bmm","bmm/workflows/testarch/trace/instructions.md","233cfb6922fe0f7aaa3512fcda08017b0f89de663f66903474b0abf2e1d01614"
"md","instructions","bmm","bmm/workflows/workflow-status/init/instructions.md","cd7f8e8de5c5b775b1aa1d6ea3b02f1d47b24fa138b3ed73877287a58fcdb9a1"
"md","instructions","bmm","bmm/workflows/workflow-status/instructions.md","ddbb594d72209903bf2bf93c70e7dc961295e7382fb6d4adcf8122f9334bb41f"
"md","intercept-network-call","bmm","bmm/testarch/knowledge/intercept-network-call.md","fb551cb0cefe3c062c28ae255a121aaae098638ec35a16fcdba98f670887ab6a"
"md","log","bmm","bmm/testarch/knowledge/log.md","b6267716ccbe6f9e2cc1b2b184501faeb30277bc8546206a66f31500c52381d0"
"md","network-error-monitor","bmm","bmm/testarch/knowledge/network-error-monitor.md","0380eb6df15af0a136334ad00cf44c92c779f311b07231f5aa6230e198786799"
"md","network-first","bmm","bmm/testarch/knowledge/network-first.md","2920e58e145626f5505bcb75e263dbd0e6ac79a8c4c2ec138f5329e06a6ac014"
"md","network-recorder","bmm","bmm/testarch/knowledge/network-recorder.md","9f120515cc377c4c500ec0b5fff0968666a9a4edee03a328d92514147d50f073"
"md","nfr-criteria","bmm","bmm/testarch/knowledge/nfr-criteria.md","e63cee4a0193e4858c8f70ff33a497a1b97d13a69da66f60ed5c9a9853025aa1"
"md","nfr-report-template","bmm","bmm/workflows/testarch/nfr-assess/nfr-report-template.md","229bdabe07577d24679eb9d42283b353dbde21338157188d8f555fdef200b91c"
"md","overview","bmm","bmm/testarch/knowledge/overview.md","79a12311d706fe55c48f72ef51c662c6f61a54651b3b76a3c7ccc87de6ebbf03"
"md","playwright-config","bmm","bmm/testarch/knowledge/playwright-config.md","42516511104a7131775f4446196cf9e5dd3295ba3272d5a5030660b1dffaa69f"
"md","prd-template","bmm","bmm/workflows/2-plan-workflows/prd/prd-template.md","829135530b0652dfb4a2929864042f515bc372b6cbe66be60103311365679efb"
"md","probability-impact","bmm","bmm/testarch/knowledge/probability-impact.md","446dba0caa1eb162734514f35366f8c38ed3666528b0b5e16c7f03fd3c537d0f"
"md","product-brief.template","bmm","bmm/workflows/1-analysis/create-product-brief/product-brief.template.md","ae0f58b14455efd75a0d97ba68596a3f0b58f350cd1a0ee5b1af69540f949781"
"md","project-context-template","bmm","bmm/data/project-context-template.md","34421aed3e0ad921dc0c0080297f3a2299735b00a25351de589ada99dae56559"
"md","project-context-template","bmm","bmm/workflows/generate-project-context/project-context-template.md","54e351394ceceb0ac4b5b8135bb6295cf2c37f739c7fd11bb895ca16d79824a5"
"md","project-overview-template","bmm","bmm/workflows/document-project/templates/project-overview-template.md","a7c7325b75a5a678dca391b9b69b1e3409cfbe6da95e70443ed3ace164e287b2"
"md","readiness-report-template","bmm","bmm/workflows/3-solutioning/check-implementation-readiness/templates/readiness-report-template.md","0da97ab1e38818e642f36dc0ef24d2dae69fc6e0be59924dc2dbf44329738ff6"
"md","README","bmm","bmm/data/README.md","352c44cff4dd0e5a90cdf6781168ceb57f5a78eaabddcd168433d8784854e4fb"
"md","recurse","bmm","bmm/testarch/knowledge/recurse.md","19056fb5b7e5e626aad81277b3e5eec333f2aed36a17aea6c7d8714a5460c8b2"
"md","research.template","bmm","bmm/workflows/1-analysis/research/research.template.md","507bb6729476246b1ca2fca4693986d286a33af5529b6cd5cb1b0bb5ea9926ce"
"md","risk-governance","bmm","bmm/testarch/knowledge/risk-governance.md","2fa2bc3979c4f6d4e1dec09facb2d446f2a4fbc80107b11fc41cbef2b8d65d68"
"md","selective-testing","bmm","bmm/testarch/knowledge/selective-testing.md","c14c8e1bcc309dbb86a60f65bc921abf5a855c18a753e0c0654a108eb3eb1f1c"
"md","selector-resilience","bmm","bmm/testarch/knowledge/selector-resilience.md","a55c25a340f1cd10811802665754a3f4eab0c82868fea61fea9cc61aa47ac179"
"md","source-tree-template","bmm","bmm/workflows/document-project/templates/source-tree-template.md","109bc335ebb22f932b37c24cdc777a351264191825444a4d147c9b82a1e2ad7a"
"md","step-01-discover","bmm","bmm/workflows/generate-project-context/steps/step-01-discover.md","0f1455c018b2f6df0b896d25e677690e1cf58fa1b276d90f0723187d786d6613"
"md","step-01-document-discovery","bmm","bmm/workflows/3-solutioning/check-implementation-readiness/steps/step-01-document-discovery.md","bd6114c10845e828098905e52d35f908f1b32dabc67313833adc7e6dd80080b0"
"md","step-01-init","bmm","bmm/workflows/1-analysis/create-product-brief/steps/step-01-init.md","d90d224fbf8893dd0ade3c5b9231428f4f70399a921f7af880b5c664cfd95bef"
"md","step-01-init","bmm","bmm/workflows/1-analysis/research/domain-steps/step-01-init.md","efee243f13ef54401ded88f501967b8bc767460cec5561b2107fc03fe7b7eab1"
"md","step-01-init","bmm","bmm/workflows/1-analysis/research/market-steps/step-01-init.md","ee7627e44ba76000569192cbacf2317f8531fd0fedc4801035267dc71d329787"
"md","step-01-init","bmm","bmm/workflows/1-analysis/research/technical-steps/step-01-init.md","c9a1627ecd26227e944375eb691e7ee6bc9f5db29a428a5d53e5d6aef8bb9697"
"md","step-01-init","bmm","bmm/workflows/2-plan-workflows/create-ux-design/steps/step-01-init.md","7b3467a29126c9498b57b06d688f610bcb7a68a8975208c209dd1103546bc455"
"md","step-01-init","bmm","bmm/workflows/2-plan-workflows/prd/steps/step-01-init.md","abad19b37040d4b31628b95939d4d8c631401a0bd37e40ad474c180d7cd5e664"
"md","step-01-init","bmm","bmm/workflows/3-solutioning/create-architecture/steps/step-01-init.md","c730b1f23f0298853e5bf0b9007c2fc86e835fb3d53455d2068a6965d1192f49"
"md","step-01-mode-detection","bmm","bmm/workflows/bmad-quick-flow/quick-dev/steps/step-01-mode-detection.md","e3c252531a413576dfcb2e214ba4f92b4468b8e50c9fbc569674deff26d21175"
"md","step-01-understand","bmm","bmm/workflows/bmad-quick-flow/create-tech-spec/steps/step-01-understand.md","e8a43cf798df32dc60acd9a2ef1d4a3c2e97f0cf66dd9df553dc7a1c80d7b0cc"
"md","step-01-validate-prerequisites","bmm","bmm/workflows/3-solutioning/create-epics-and-stories/steps/step-01-validate-prerequisites.md","88c7bfa5579bfdc38b2d855b3d2c03898bf47b11b9f4fae52fb494e2ce163450"
"md","step-01b-continue","bmm","bmm/workflows/1-analysis/create-product-brief/steps/step-01b-continue.md","bb32e3636bdd19f51e5145b32f766325f48ad347358f74476f8d6c8b7c96c8ef"
"md","step-01b-continue","bmm","bmm/workflows/2-plan-workflows/create-ux-design/steps/step-01b-continue.md","fde4bf8fa3a6d3230d20cb23e71cbc8e2db1cd2b30b693e13d0b3184bc6bb9a6"
"md","step-01b-continue","bmm","bmm/workflows/2-plan-workflows/prd/steps/step-01b-continue.md","7857264692e4fe515b05d4ddc9ea39d66a61c3e2715035cdd0d584170bf38ffe"
"md","step-01b-continue","bmm","bmm/workflows/3-solutioning/create-architecture/steps/step-01b-continue.md","c6cc389b49682a8835382d477d803a75acbad01b24da1b7074ce140d82b278dc"
"md","step-02-context","bmm","bmm/workflows/3-solutioning/create-architecture/steps/step-02-context.md","e69de083257a5dd84083cadcb55deeefb1cdfdee90f52eb3bfbaadbe6602a627"
"md","step-02-context-gathering","bmm","bmm/workflows/bmad-quick-flow/quick-dev/steps/step-02-context-gathering.md","8de307668f74892657c2b09f828a3b626b62a479fb72c0280c68ed0e25803896"
"md","step-02-customer-behavior","bmm","bmm/workflows/1-analysis/research/market-steps/step-02-customer-behavior.md","ca77a54143c2df684cf859e10cea48c6ea1ce8e297068a0f0f26ee63d3170c1e"
"md","step-02-customer-insights","bmm","bmm/workflows/1-analysis/research/market-steps/step-02-customer-insights.md","de7391755e7c8386096ed2383c24917dd6cab234843b34004e230d6d3d0e3796"
"md","step-02-design-epics","bmm","bmm/workflows/3-solutioning/create-epics-and-stories/steps/step-02-design-epics.md","1a1c52515a53c12a274d1d5e02ec67c095ea93453259abeca989b9bfd860805c"
"md","step-02-discovery","bmm","bmm/workflows/2-plan-workflows/create-ux-design/steps/step-02-discovery.md","021d197dfdf071548adf5cfb80fb3b638b5a5d70889b926de221e1e61cea4137"
"md","step-02-discovery","bmm","bmm/workflows/2-plan-workflows/prd/steps/step-02-discovery.md","b89616175bbdce5fa3dd41dcc31b3b50ad465d35836e62a9ead984b6d604d5c2"
"md","step-02-domain-analysis","bmm","bmm/workflows/1-analysis/research/domain-steps/step-02-domain-analysis.md","385a288d9bbb0adf050bcce4da4dad198a9151822f9766900404636f2b0c7f9d"
"md","step-02-generate","bmm","bmm/workflows/generate-project-context/steps/step-02-generate.md","0fff27dab748b4600d02d2fb083513fa4a4e061ed66828b633f7998fcf8257e1"
"md","step-02-investigate","bmm","bmm/workflows/bmad-quick-flow/create-tech-spec/steps/step-02-investigate.md","3a93724c59af5e8e9da88bf66ece6d72e64cd42ebe6897340fdf2e34191de06c"
"md","step-02-prd-analysis","bmm","bmm/workflows/3-solutioning/check-implementation-readiness/steps/step-02-prd-analysis.md","37707ccd23bc4e3ff4a888eb4a04722c052518c91fcb83d3d58045595711fdaf"
"md","step-02-technical-overview","bmm","bmm/workflows/1-analysis/research/technical-steps/step-02-technical-overview.md","9c7582241038b16280cddce86f2943216541275daf0a935dcab78f362904b305"
"md","step-02-vision","bmm","bmm/workflows/1-analysis/create-product-brief/steps/step-02-vision.md","ac3362c75bd8c3fe42ce3ddd433f3ce58b4a1b466bc056298827f87c7ba274f8"
"md","step-03-competitive-landscape","bmm","bmm/workflows/1-analysis/research/domain-steps/step-03-competitive-landscape.md","f10aa088ba00c59491507f6519fb314139f8be6807958bb5fd1b66bff2267749"
"md","step-03-complete","bmm","bmm/workflows/generate-project-context/steps/step-03-complete.md","cf8d1d1904aeddaddb043c3c365d026cd238891cd702c2b78bae032a8e08ae17"
"md","step-03-core-experience","bmm","bmm/workflows/2-plan-workflows/create-ux-design/steps/step-03-core-experience.md","39f0904b2724d51ba880b2f22deefc00631441669a0c9a8ac0565a8ada3464b2"
"md","step-03-create-stories","bmm","bmm/workflows/3-solutioning/create-epics-and-stories/steps/step-03-create-stories.md","885dd4bceaed6203f5c00fb9484ab377ee1983b0a487970591472b9ec43a1634"
"md","step-03-customer-pain-points","bmm","bmm/workflows/1-analysis/research/market-steps/step-03-customer-pain-points.md","ce7394a73a7d3dd627280a8bef0ed04c11e4036275acc4b50c666fd1d84172c4"
"md","step-03-epic-coverage-validation","bmm","bmm/workflows/3-solutioning/check-implementation-readiness/steps/step-03-epic-coverage-validation.md","f58af59ecbcbed1a83eea3984c550cf78484ef803d7eb80bbf7e0980e45cdf44"
"md","step-03-execute","bmm","bmm/workflows/bmad-quick-flow/quick-dev/steps/step-03-execute.md","dc340c8c7ac0819ae8442c3838e0ea922656ad7967ea110a8bf0ff80972d570a"
"md","step-03-generate","bmm","bmm/workflows/bmad-quick-flow/create-tech-spec/steps/step-03-generate.md","d2f998ae3efd33468d90825dc54766eefbe3b4b38fba9e95166fe42d7002db82"
"md","step-03-integration-patterns","bmm","bmm/workflows/1-analysis/research/technical-steps/step-03-integration-patterns.md","005d517a2f962e2172e26b23d10d5e6684c7736c0d3982e27b2e72d905814ad9"
"md","step-03-starter","bmm","bmm/workflows/3-solutioning/create-architecture/steps/step-03-starter.md","7dd61ab909d236da0caf59954dced5468657bcb27f859d1d92265e59b3616c28"
"md","step-03-success","bmm","bmm/workflows/2-plan-workflows/prd/steps/step-03-success.md","07de6f3650dfda068d6f8155e5c4dc0a18ac40fb19f8c46ba54b39cf3f911067"
"md","step-03-users","bmm","bmm/workflows/1-analysis/create-product-brief/steps/step-03-users.md","e148ee42c8cbb52b11fc9c984cb922c46bd1cb197de02445e02548995d04c390"
"md","step-04-architectural-patterns","bmm","bmm/workflows/1-analysis/research/technical-steps/step-04-architectural-patterns.md","5ab115b67221be4182f88204b17578697136d8c11b7af21d91012d33ff84aafb"
"md","step-04-customer-decisions","bmm","bmm/workflows/1-analysis/research/market-steps/step-04-customer-decisions.md","17dde68d655f7c66b47ed59088c841d28d206ee02137388534b141d9a8465cf9"
"md","step-04-decisions","bmm","bmm/workflows/3-solutioning/create-architecture/steps/step-04-decisions.md","dc83242891d4f6bd5cba6e87bd749378294afdf88af17851e488273893440a84"
"md","step-04-emotional-response","bmm","bmm/workflows/2-plan-workflows/create-ux-design/steps/step-04-emotional-response.md","a2db9d24cdfc88aeb28a92ed236df940657842291a7d70e1616b59fbfd1c4e19"
"md","step-04-final-validation","bmm","bmm/workflows/3-solutioning/create-epics-and-stories/steps/step-04-final-validation.md","c56c5289d65f34c1c22c5a9a09084e041ee445b341ebd6380ca9a2885f225344"
"md","step-04-journeys","bmm","bmm/workflows/2-plan-workflows/prd/steps/step-04-journeys.md","93fb356f0c9edd02b5d1ad475fb629e6b3b875b6ea276b02059b66ade68c0d30"
"md","step-04-metrics","bmm","bmm/workflows/1-analysis/create-product-brief/steps/step-04-metrics.md","5c8c689267fd158a8c8e07d76041f56003aa58c19ed2649deef780a8f97722aa"
"md","step-04-regulatory-focus","bmm","bmm/workflows/1-analysis/research/domain-steps/step-04-regulatory-focus.md","d22035529efe91993e698b4ebf297bf2e7593eb41d185a661c357a8afc08977b"
"md","step-04-review","bmm","bmm/workflows/bmad-quick-flow/create-tech-spec/steps/step-04-review.md","7571c5694a9f04ea29fbdb7ad83d6a6c9129c95ace4211e74e67ca4216acc4ff"
"md","step-04-self-check","bmm","bmm/workflows/bmad-quick-flow/quick-dev/steps/step-04-self-check.md","444c02d8f57cd528729c51d77abf51ca8918ac5c65f3dcf269b21784f5f6920c"
"md","step-04-ux-alignment","bmm","bmm/workflows/3-solutioning/check-implementation-readiness/steps/step-04-ux-alignment.md","e673765ad05f4f2dc70a49c17124d7dd6f92a7a481314a6093f82cda0c61a2b5"
"md","step-05-adversarial-review","bmm","bmm/workflows/bmad-quick-flow/quick-dev/steps/step-05-adversarial-review.md","38d6f43af07f51d67d6abd5d88de027d5703033ed6b7fe2400069f5fc31d4237"
"md","step-05-competitive-analysis","bmm","bmm/workflows/1-analysis/research/market-steps/step-05-competitive-analysis.md","ff6f606a80ffaf09aa325e38a4ceb321b97019e6542241b2ed4e8eb38b35efa8"
"md","step-05-domain","bmm","bmm/workflows/2-plan-workflows/prd/steps/step-05-domain.md","a18c274f10f3116e5b3e88e3133760ab4374587e4c9c6167e8eea4b84589298c"
"md","step-05-epic-quality-review","bmm","bmm/workflows/3-solutioning/check-implementation-readiness/steps/step-05-epic-quality-review.md","4014a0e0a7b725474f16250a8f19745e188d51c4f4dbef549de0940eb428841d"
"md","step-05-implementation-research","bmm","bmm/workflows/1-analysis/research/technical-steps/step-05-implementation-research.md","55ae5ab81295c6d6e3694c1b89472abcd5cd562cf55a2b5fffdd167e15bee82b"
"md","step-05-inspiration","bmm","bmm/workflows/2-plan-workflows/create-ux-design/steps/step-05-inspiration.md","7f8d6c50c3128d7f4cb5dbf92ed9b0b0aa2ce393649f1506f5996bd51e3a5604"
"md","step-05-patterns","bmm","bmm/workflows/3-solutioning/create-architecture/steps/step-05-patterns.md","8660291477a35ba5a7aecc73fbb9f5fa85de2a4245ae9dd2644f5e2f64a66d30"
"md","step-05-scope","bmm","bmm/workflows/1-analysis/create-product-brief/steps/step-05-scope.md","9e2d58633f621d437fe59a3fd8d10f6c190b85a6dcf1dbe9167d15f45585af51"
"md","step-05-technical-trends","bmm","bmm/workflows/1-analysis/research/domain-steps/step-05-technical-trends.md","fd6c577010171679f630805eb76e09daf823c2b9770eb716986d01f351ce1fb4"
"md","step-06-complete","bmm","bmm/workflows/1-analysis/create-product-brief/steps/step-06-complete.md","488ea54b7825e5a458a58c0c3104bf5dc56f5e401c805df954a0bfc363194f31"
"md","step-06-design-system","bmm","bmm/workflows/2-plan-workflows/create-ux-design/steps/step-06-design-system.md","6bb2666aeb114708321e2f730431eb17d2c08c78d57d9cc6b32cb11402aa8472"
"md","step-06-final-assessment","bmm","bmm/workflows/3-solutioning/check-implementation-readiness/steps/step-06-final-assessment.md","67d68de4bdaaa9e814d15d30c192da7301339e851224ef562077b2fb39c7d869"
"md","step-06-innovation","bmm","bmm/workflows/2-plan-workflows/prd/steps/step-06-innovation.md","faa4b7e1b74e843d167ef0ea16dab475ea51e57b654337ec7a1ba90d85e8a44a"
"md","step-06-research-completion","bmm","bmm/workflows/1-analysis/research/market-steps/step-06-research-completion.md","30d5e14f39df193ebce952dfed2bd4009d68fe844e28ad3a29f5667382ebc6d2"
"md","step-06-research-synthesis","bmm","bmm/workflows/1-analysis/research/domain-steps/step-06-research-synthesis.md","4c7727b8d3c6272c1b2b84ea58a67fc86cafab3472c0caf54e8b8cee3fa411fc"
"md","step-06-research-synthesis","bmm","bmm/workflows/1-analysis/research/technical-steps/step-06-research-synthesis.md","5df66bbeecd345e829f06c4eb5bdecd572ca46aec8927bda8b97dbd5f5a34d6c"
"md","step-06-resolve-findings","bmm","bmm/workflows/bmad-quick-flow/quick-dev/steps/step-06-resolve-findings.md","ad5d90b4f753fec9d2ba6065cbf4e5fa6ef07b013504a573a0edea5dcc16e180"
"md","step-06-structure","bmm","bmm/workflows/3-solutioning/create-architecture/steps/step-06-structure.md","8ebb95adc203b83e3329b32bcd19e4d65faa8e68af7255374f40f0cbf4d91f2b"
"md","step-07-defining-experience","bmm","bmm/workflows/2-plan-workflows/create-ux-design/steps/step-07-defining-experience.md","10db4f974747602d97a719542c0cd31aa7500b035fba5fddf1777949f76928d6"
"md","step-07-project-type","bmm","bmm/workflows/2-plan-workflows/prd/steps/step-07-project-type.md","260d5d3738ddc60952f6a04a1370e59e2bf2c596b926295466244278952becd1"
"md","step-07-validation","bmm","bmm/workflows/3-solutioning/create-architecture/steps/step-07-validation.md","0aaa043da24c0c9558c32417c5ba76ad898d4300ca114a8be3f77fabf638c2e2"
"md","step-08-complete","bmm","bmm/workflows/3-solutioning/create-architecture/steps/step-08-complete.md","d2bb24dedc8ca431a1dc766033069694b7e1e7bef146d9d1d1d10bf2555a02cd"
"md","step-08-scoping","bmm","bmm/workflows/2-plan-workflows/prd/steps/step-08-scoping.md","535949aab670b628807b08b9ab7627b8b62d8fdad7300d616101245e54920f61"
"md","step-08-visual-foundation","bmm","bmm/workflows/2-plan-workflows/create-ux-design/steps/step-08-visual-foundation.md","114ae7e866eb41ec3ff0c573ba142ee6641e30d91a656e5069930fe3bb9786ae"
"md","step-09-design-directions","bmm","bmm/workflows/2-plan-workflows/create-ux-design/steps/step-09-design-directions.md","73933038a7f1c172716e0688c36275316d1671e4bca39d1050da7b9b475f5211"
"md","step-09-functional","bmm","bmm/workflows/2-plan-workflows/prd/steps/step-09-functional.md","fb3acbc2b82de5c70e8d7e1a4475e3254d1e8bcb242da88d618904b66f57edad"
"md","step-10-nonfunctional","bmm","bmm/workflows/2-plan-workflows/prd/steps/step-10-nonfunctional.md","92fde9dc4f198fb551be6389c75b6e09e43c840ce55a635d37202830b4e38718"
"md","step-10-user-journeys","bmm","bmm/workflows/2-plan-workflows/create-ux-design/steps/step-10-user-journeys.md","7305843b730128445610cc0ff28fc00b952ec361672690d93987978650e077c3"
"md","step-11-complete","bmm","bmm/workflows/2-plan-workflows/prd/steps/step-11-complete.md","b9a9053f1e5de3d583aa729639731fc26b7ce6a43f6a111582faa4caea96593a"
"md","step-11-component-strategy","bmm","bmm/workflows/2-plan-workflows/create-ux-design/steps/step-11-component-strategy.md","e4a80fc9d350ce1e84b0d4f0a24abd274f2732095fb127af0dde3bc62f786ad1"
"md","step-12-ux-patterns","bmm","bmm/workflows/2-plan-workflows/create-ux-design/steps/step-12-ux-patterns.md","4a0b51d278ffbd012d2c9c574adcb081035994be2a055cc0bbf1e348a766cb4a"
"md","step-13-responsive-accessibility","bmm","bmm/workflows/2-plan-workflows/create-ux-design/steps/step-13-responsive-accessibility.md","c556f2dc3644142f8136237fb422a6aac699ca97812c9b73a988cc6db7915444"
"md","step-14-complete","bmm","bmm/workflows/2-plan-workflows/create-ux-design/steps/step-14-complete.md","8b05a20310b14bcbc743d990570b40a6f48f5ab10cbc03a723aa841337550fbf"
"md","tech-spec-template","bmm","bmm/workflows/bmad-quick-flow/create-tech-spec/tech-spec-template.md","6e0ac4991508fec75d33bbe36197e1576d7b2a1ea7ceba656d616e7d7dadcf03"
"md","template","bmm","bmm/workflows/4-implementation/create-story/template.md","29ba697368d77e88e88d0e7ac78caf7a78785a7dcfc291082aa96a62948afb67"
"md","test-design-template","bmm","bmm/workflows/testarch/test-design/test-design-template.md","be2c766858684f5afce7c140f65d6d6e36395433938a866dea09da252a723822"
"md","test-healing-patterns","bmm","bmm/testarch/knowledge/test-healing-patterns.md","b44f7db1ebb1c20ca4ef02d12cae95f692876aee02689605d4b15fe728d28fdf"
"md","test-levels-framework","bmm","bmm/testarch/knowledge/test-levels-framework.md","80bbac7959a47a2e7e7de82613296f906954d571d2d64ece13381c1a0b480237"
"md","test-priorities-matrix","bmm","bmm/testarch/knowledge/test-priorities-matrix.md","321c3b708cc19892884be0166afa2a7197028e5474acaf7bc65c17ac861964a5"
"md","test-quality","bmm","bmm/testarch/knowledge/test-quality.md","97b6db474df0ec7a98a15fd2ae49671bb8e0ddf22963f3c4c47917bb75c05b90"
"md","test-review-template","bmm","bmm/workflows/testarch/test-review/test-review-template.md","b476bd8ca67b730ffcc9f11aeb63f5a14996e19712af492ffe0d3a3d1a4645d2"
"md","timing-debugging","bmm","bmm/testarch/knowledge/timing-debugging.md","c4c87539bbd3fd961369bb1d7066135d18c6aad7ecd70256ab5ec3b26a8777d9"
"md","trace-template","bmm","bmm/workflows/testarch/trace/trace-template.md","148b715e7b257f86bc9d70b8e51b575e31d193420bdf135b32dd7bd3132762f3"
"md","ux-design-template","bmm","bmm/workflows/2-plan-workflows/create-ux-design/ux-design-template.md","ffa4b89376cd9db6faab682710b7ce755990b1197a8b3e16b17748656d1fca6a"
"md","visual-debugging","bmm","bmm/testarch/knowledge/visual-debugging.md","072a3d30ba6d22d5e628fc26a08f6e03f8b696e49d5a4445f37749ce5cd4a8a9"
"md","workflow","bmm","bmm/workflows/1-analysis/create-product-brief/workflow.md","09f24c579989fe45ad36becafc63b5b68f14fe2f6d8dd186a9ddfb0c1f256b7b"
"md","workflow","bmm","bmm/workflows/1-analysis/research/workflow.md","0c7043392fbe53f1669e73f1f74b851ae78e60fefbe54ed7dfbb12409a22fe10"
"md","workflow","bmm","bmm/workflows/2-plan-workflows/create-ux-design/workflow.md","49381d214c43080b608ff5886ed34fae904f4d4b14bea4f5c2fafab326fac698"
"md","workflow","bmm","bmm/workflows/2-plan-workflows/prd/workflow.md","6f09425df1cebfa69538a8b507ce5957513a9e84a912a10aad9bd834133fa568"
"md","workflow","bmm","bmm/workflows/3-solutioning/check-implementation-readiness/workflow.md","0167a08dd497a50429d8259eec1ebcd669bebbf4472a3db5c352fb6791a39ce8"
"md","workflow","bmm","bmm/workflows/3-solutioning/create-architecture/workflow.md","c85b3ce51dcadc00c9ef98b0be7cc27b5d38ab2191ef208645b61eb3e7d078ab"
"md","workflow","bmm","bmm/workflows/3-solutioning/create-epics-and-stories/workflow.md","b62a6f4c85c66059f46ce875da9eb336b4272f189c506c0f77170c7623b5ed55"
"md","workflow","bmm","bmm/workflows/bmad-quick-flow/create-tech-spec/workflow.md","740134a67df57a818b8d76cf4c5f27090375d1698ae5be9e68c9ab8672d6b1e0"
"md","workflow","bmm","bmm/workflows/bmad-quick-flow/quick-dev/workflow.md","c6d7306871bb29d1cd0435e2189d7d7d55ec8c4604f688b63c1c77c7d2e6d086"
"md","workflow","bmm","bmm/workflows/generate-project-context/workflow.md","0da857be1b7fb46fc29afba22b78a8b2150b17db36db68fd254ad925a20666aa"
"xml","instructions","bmm","bmm/workflows/4-implementation/code-review/instructions.xml","80d43803dced84f1e754d8690fb6da79e5b21a68ca8735b9c0ff709c49ac31ff"
"xml","instructions","bmm","bmm/workflows/4-implementation/create-story/instructions.xml","713b38a3ee0def92380ca97196d3457f68b8da60b78d2e10fc366c35811691fb"
"xml","instructions","bmm","bmm/workflows/4-implementation/dev-story/instructions.xml","d01f9b168f5ef2b4aaf7e1c2fad8146dacfa0ea845b101da80db688e1817cefb"
"yaml","config","bmm","bmm/config.yaml","7795e9e59d0e1ff855e852de2e33c4acb6ff25826eb66c29d4ae092a33a6eb88"
"yaml","deep-dive","bmm","bmm/workflows/document-project/workflows/deep-dive.yaml","a16b5d121604ca00fffdcb04416daf518ec2671a3251b7876c4b590d25d96945"
"yaml","enterprise-brownfield","bmm","bmm/workflows/workflow-status/paths/enterprise-brownfield.yaml","40b7fb4d855fdd275416e225d685b4772fb0115554e160a0670b07f6fcbc62e5"
"yaml","enterprise-greenfield","bmm","bmm/workflows/workflow-status/paths/enterprise-greenfield.yaml","61329f48d5d446376bcf81905485c72ba53874f3a3918d5614eb0997b93295c6"
"yaml","excalidraw-templates","bmm","bmm/workflows/excalidraw-diagrams/_shared/excalidraw-templates.yaml","ca6e4ae85b5ab16df184ce1ddfdf83b20f9540db112ebf195cb793017f014a70"
"yaml","full-scan","bmm","bmm/workflows/document-project/workflows/full-scan.yaml","8ba79b190733006499515d9d805f4eacd90a420ffc454e04976948c114806c25"
"yaml","github-actions-template","bmm","bmm/workflows/testarch/ci/github-actions-template.yaml","cf7d1f0a1f2853b07df1b82b00ebe79f800f8f16817500747b7c4c9c7143aba7"
"yaml","gitlab-ci-template","bmm","bmm/workflows/testarch/ci/gitlab-ci-template.yaml","986f29817e04996ab9f80bf2de0d25d8ed2365d955cc36d5801afaa93e99e80b"
"yaml","method-brownfield","bmm","bmm/workflows/workflow-status/paths/method-brownfield.yaml","6417f79e274b6aaf07c9b5d8c82f6ee16a8713442c2e38b4bab932831bf3e6c6"
"yaml","method-greenfield","bmm","bmm/workflows/workflow-status/paths/method-greenfield.yaml","11693c1b4e87d7d7afed204545a9529c27e0566d6ae7a480fdfa4677341f5880"
"yaml","project-levels","bmm","bmm/workflows/workflow-status/project-levels.yaml","ffa9fb3b32d81617bb8718689a5ff5774d2dff6c669373d979cc38b1dc306966"
"yaml","sprint-status-template","bmm","bmm/workflows/4-implementation/sprint-planning/sprint-status-template.yaml","de75fe50bd5e3f4410ccc99fcd3f5dc958733b3829af1b13b4d7b0559bbca22b"
"yaml","team-fullstack","bmm","bmm/teams/team-fullstack.yaml","da8346b10dfad8e1164a11abeb3b0a84a1d8b5f04e01e8490a44ffca477a1b96"
"yaml","workflow","bmm","bmm/workflows/4-implementation/code-review/workflow.yaml","8879bd2ea2da2c444eac9f4f8bf4f2d58588cdbc92aee189c04d4d926ea7b43d"
"yaml","workflow","bmm","bmm/workflows/4-implementation/correct-course/workflow.yaml","fd61662b22f5ff1d378633b47837eb9542e433d613fbada176a9d61de15c2961"
"yaml","workflow","bmm","bmm/workflows/4-implementation/create-story/workflow.yaml","469cdb56604b1582ac8b271f9326947c57b54af312099dfa0387d998acea2cac"
"yaml","workflow","bmm","bmm/workflows/4-implementation/dev-story/workflow.yaml","270cb47b01e5a49d497c67f2c2605b808a943daf2b34ee60bc726ff78ac217b3"
"yaml","workflow","bmm","bmm/workflows/4-implementation/retrospective/workflow.yaml","03433aa3f0d5b4b388d31b9bee1ac5cb5ca78e15bb4d44746766784a3ba863d2"
"yaml","workflow","bmm","bmm/workflows/4-implementation/sprint-planning/workflow.yaml","3038e7488b67303814d95ebbb0f28a225876ec2e3224fdaa914485f5369a44bf"
"yaml","workflow","bmm","bmm/workflows/4-implementation/sprint-status/workflow.yaml","92c50c478b87cd5c339cdb38399415977f58785b4ae82f7948ba16404fa460cf"
"yaml","workflow","bmm","bmm/workflows/document-project/workflow.yaml","82e731ea08217480958a75304558e767654d8a8262c0ec1ed91e81afd3135ed5"
"yaml","workflow","bmm","bmm/workflows/excalidraw-diagrams/create-dataflow/workflow.yaml","a845be912077a9c80fb3f3e2950c33b99139a2ae22db9c006499008ec2fa3851"
"yaml","workflow","bmm","bmm/workflows/excalidraw-diagrams/create-diagram/workflow.yaml","bac0e13f796b4a4bb2a3909ddef230f0cd1712a0163b6fe72a2966eed8fc87a9"
"yaml","workflow","bmm","bmm/workflows/excalidraw-diagrams/create-flowchart/workflow.yaml","a8f6e3680d2ec51c131e5cd57c9705e5572fe3e08c536174da7175e07cce0c5d"
"yaml","workflow","bmm","bmm/workflows/excalidraw-diagrams/create-wireframe/workflow.yaml","88ce19aff63a411583756cd0254af2000b6aac13071204dc9aef61aa137a51ef"
"yaml","workflow","bmm","bmm/workflows/testarch/atdd/workflow.yaml","671d3319e80fffb3dedf50ccda0f3aea87ed4de58e6af679678995ca9f5262b0"
"yaml","workflow","bmm","bmm/workflows/testarch/automate/workflow.yaml","3d49eaca0024652b49f00f26f1f1402c73874eb250431cb5c1ce1d2eddc6520b"
"yaml","workflow","bmm","bmm/workflows/testarch/ci/workflow.yaml","e42067278023d4489a159fdbf7a863c69345e3d3d91bf9af8dcff49fd14f0e6d"
"yaml","workflow","bmm","bmm/workflows/testarch/framework/workflow.yaml","857b92ccfa185c373ebecd76f3f57ca84a4d94c8c2290679d33010f58e1ed9e1"
"yaml","workflow","bmm","bmm/workflows/testarch/nfr-assess/workflow.yaml","24a0e0e6124c3206775e43bd7ed4e1bfba752e7d7a0590bbdd73c2e9ce5a06ec"
"yaml","workflow","bmm","bmm/workflows/testarch/test-design/workflow.yaml","30a9371f2ea930e7e68b987570be524b2e9d104c40c28e818a89e12985ba767a"
"yaml","workflow","bmm","bmm/workflows/testarch/test-review/workflow.yaml","d64517e211eceb8e5523da19473387e642c5178d5850f92b1aa5dc3fea6a6685"
"yaml","workflow","bmm","bmm/workflows/testarch/trace/workflow.yaml","0ba5d014b6209cc949391de9f495465b7d64d3496e1972be48b2961c8490e6f5"
"yaml","workflow","bmm","bmm/workflows/workflow-status/init/workflow.yaml","f29cb2797a3b1d3d9408fd78f9e8e232719a519b316444ba31d9fe5db9ca1d6a"
"yaml","workflow","bmm","bmm/workflows/workflow-status/workflow.yaml","390e733bee776aaf0312c5990cdfdb2d65c4f7f56001f428b8baddeb3fe8f0fe"
"yaml","workflow-status-template","bmm","bmm/workflows/workflow-status/workflow-status-template.yaml","0ec9c95f1690b7b7786ffb4ab10663c93b775647ad58e283805092e1e830a0d9"
"csv","brain-methods","core","core/workflows/brainstorming/brain-methods.csv","0ab5878b1dbc9e3fa98cb72abfc3920a586b9e2b42609211bb0516eefd542039"
"csv","methods","core","core/workflows/advanced-elicitation/methods.csv","e08b2e22fec700274982e37be608d6c3d1d4d0c04fa0bae05aa9dba2454e6141"
"md","excalidraw-helpers","core","core/resources/excalidraw/excalidraw-helpers.md","37f18fa0bd15f85a33e7526a2cbfe1d5a9404f8bcb8febc79b782361ef790de4"
"md","library-loader","core","core/resources/excalidraw/library-loader.md","7837112bd0acb5906870dff423a21564879d49c5322b004465666a42c52477ab"
"md","README","core","core/resources/excalidraw/README.md","72de8325d7289128f1c8afb3b0eea867ba90f4c029ca42e66a133cd9f92c285d"
"md","step-01-agent-loading","core","core/workflows/party-mode/steps/step-01-agent-loading.md","cd2ca8ec03576fd495cbaec749b3f840c82f7f0d485c8a884894a72d047db013"
"md","step-01-session-setup","core","core/workflows/brainstorming/steps/step-01-session-setup.md","0437c1263788b93f14b7d361af9059ddbc2cbb576974cbd469a58ea757ceba19"
"md","step-01b-continue","core","core/workflows/brainstorming/steps/step-01b-continue.md","a92fd1825a066f21922c5ac8d0744f0553ff4a6d5fc3fa998d12aea05ea2819c"
"md","step-02-discussion-orchestration","core","core/workflows/party-mode/steps/step-02-discussion-orchestration.md","a9afe48b2c43f191541f53abb3c15ef608f9970fa066dcb501e2c1071e5e7d02"
"md","step-02a-user-selected","core","core/workflows/brainstorming/steps/step-02a-user-selected.md","558b162466745b92687a5d6e218f243a98436dd177b2d5544846c5ff4497cc94"
"md","step-02b-ai-recommended","core","core/workflows/brainstorming/steps/step-02b-ai-recommended.md","99aa935279889f278dcb2a61ba191600a18e9db356dd8ce62f0048d3c37c9531"
"md","step-02c-random-selection","core","core/workflows/brainstorming/steps/step-02c-random-selection.md","f188c260c321c7f026051fefcd267a26ee18ce2a07f64bab7f453c0c3e483316"
"md","step-02d-progressive-flow","core","core/workflows/brainstorming/steps/step-02d-progressive-flow.md","a28c7a3edf34ceb0eea203bf7dc80f39ca04974f6d1ec243f0a088281b2e55de"
"md","step-03-graceful-exit","core","core/workflows/party-mode/steps/step-03-graceful-exit.md","f3299f538d651b55efb6e51ddc3536a228df63f16b1e0129a830cceb8e21303f"
"md","step-03-technique-execution","core","core/workflows/brainstorming/steps/step-03-technique-execution.md","9dbcf441402a4601721a9564ab58ca2fe77dafefee090f7d023754d2204b1d7e"
"md","step-04-idea-organization","core","core/workflows/brainstorming/steps/step-04-idea-organization.md","a1b7a17b95bb1c06fa678f65a56a9ac2fd9655871e99b9378c6b4afa5d574050"
"md","template","core","core/workflows/brainstorming/template.md","5c99d76963eb5fc21db96c5a68f39711dca7c6ed30e4f7d22aedee9e8bb964f9"
"md","validate-json-instructions","core","core/resources/excalidraw/validate-json-instructions.md","0970bac93d52b4ee591a11998a02d5682e914649a40725d623489c77f7a1e449"
"md","workflow","core","core/workflows/brainstorming/workflow.md","f6f2a280880b1cc82bb9bb320229a71df788bb0412590beb59a384e26f493c83"
"md","workflow","core","core/workflows/party-mode/workflow.md","851cbc7f57b856390be18464d38512337b52508cc634f327e4522e379c778573"
"xml","index-docs","core","core/tasks/index-docs.xml","13ffd40ccaed0f05b35e4f22255f023e77a6926e8a2f01d071b0b91a4c942812"
"xml","review-adversarial-general","core","core/tasks/review-adversarial-general.xml","05466fd1a0b207dd9987ba1e8674b40060025b105ba51f5b49fe852c44e51f12"
"xml","shard-doc","core","core/tasks/shard-doc.xml","f71987855cabb46bd58a63a4fd356efb0739a272ab040dd3c8156d7f538d7caf"
"xml","validate-workflow","core","core/tasks/validate-workflow.xml","539e6f1255efbb62538598493e4083496dc0081d3c8989c89b47d06427d98f28"
"xml","workflow","core","core/tasks/workflow.xml","8f7ad9ff1d80251fa5df344ad70701605a74dcfc030c04708650f23b2606851a"
"xml","workflow","core","core/workflows/advanced-elicitation/workflow.xml","063e6aab417f9cc67ae391b1d89ba972fc890c123f8101b7180496d413a63d81"
"yaml","config","core","core/config.yaml","15929105d095a0b327e5fce14e1e3392e919896aa5bbcf79665f9ea3b4fdf04f"
